Moomba,8885723996,60962
Magic,4023063783,112500
Chaparral,3185407478,59000
May-Craft,8555389846,28000
May-Craft,8555389846,20999
Avalon,8885723996,24995
ShearWater,8882451255,65000
Bennington,8882451255,24500
Alumacraft,8882451255,11500
Fountain,3103514130,139000
Supra,8885723996,93653
Supra,8885723996,92310
Four Winns,5016057012,34500
Custom,6367441400,1000000
Premier,8668133721,138365
Rinker,8885723996,34995
Premier,8668133721,86545
Sea Ray,8668133721,74760
Supra,8885723996,74995
Supra,8885723996,74995
Sea Ray,8776179645,16900
Moomba,8885723996,69680
Moomba,8885723996,67830
Moomba,8885723996,66360
Moomba,8885723996,61047
Moomba,8885723996,60962
Magic,4023063783,112500
Chaparral,3185407478,59000
Alumacraft,8882451255,11500
Fountain,3103514130,139000
Four Winns,5016057012,34500
Custom,6367441400,1000000
Sea Ray,8668133721,74760
Sea Ray,8776179645,16900
Crownline,8552278695,29995
Supra,8885723996,74995
Moomba,8885723996,56962
Bay Craft,8774406587,33400
Bennington,8882581244,17900
Triton,8668133721,64500
Mako,8506949862,52500
Triton,8668133721,38375
Triton,8668133721,28050
Bay Craft,8774406587,29700
Triton,8668133721,22995
Palmer Johnson,5617756000,14500000
Yamaha,2817954315,25000
Alloy,9417571365,
CUSTOM,9418120021,550000
Westport,9417571365,16900000
Oceanfast,3058568486,4900000
Intermarine,9549260400,5689000
Intermarine,9549260400,5689000
Hatteras,5618336060,2200000
Westport,9417571365,4395000
HARGRAVE,5618336060,3950000
Lazzara,5618336060,3900000
Sunseeker,9417571365,3250000
Destiny,8435773470,2750000
HARGRAVE,7726927900,4595000
Fantasy Houseboat,6062190462,439000
Fantasy Houseboat,7705483762,399900
Hatteras,8888160765,3949000
Mangusta,5618336060,995000
Custom Line,8884671042,9750000
Knight & Carver,5618336060,1900000
Sharpe,5026829473,499500
Azimut,8888603588,6890000
Princess,5618336060,5750000
Sharpe,8593585959,399500
Lazzara,5618336060,2950000
Sharpe,4237947867,385000
Sea Force,5618336060,7250000
Sumerset Houseboats,7708892784,379000
Sumerset,9417571365,349000
Horizon,8128244700,199900
